time,[raw] acc (e_r),[raw] acc (e_theta),[raw] acc (e_phi),[raw] w (e_r),[raw] w (e_theta),[raw] w (e_phi),[raw] euler (alpha),[raw] euler (beta),[raw] euler (gamma),delta time,acc (e_r),acc (e_theta),acc (e_phi),w (e_r),w (e_theta),w (e_phi),euler (alpha),euler (beta),euler (gamma),vel (e_r),vel (e_theta),vel (e_phi),vel (x),vel (y),vel (z),pos (x),pos (y),pos (z)
0.872,0.0,0.0,0.0,0.0,0.0,0.0,0.0,0.0,0.0,0,0,0,0,0,0,0,0,0,0,0,0,0,0.0,0.0,0.0,0,0,0
0.915,0.0,0.0,0.0,-0.06750933546714066,-0.028536133270107285,0.4905596928580462,0.0,0.0,0.0,0.04300000000000004,0,0,0,0,0,0,0,0,0,0.0,0.0,0.0,0.0,0.0,0.0,0.0,0.0,0.0
0.956,9.658,8.827,-6.1049999999999995,0.03406882699892931,-0.013177235852557189,-0.016632987771505958,6.2505476501672925,-0.0020943951023931952,0.004363323129985824,0.040999999999999925,0,0,0,0,0,0,0,0,0,0.0,0.0,0.0,0.0,0.0,0.0,0.0,0.0,0.0
0.997,8.037999999999998,7.797000000000001,-6.965,0.3950029163113567,0.19730947193795895,-0.18139206915977069,6.257005368399671,-0.006457718232379019,-0.0054105206811824215,0.041000000000000036,4.4239999999999995,4.156000000000001,-3.2675,0.09039060196078634,0.038899025703823614,0.07313365898169238,3.1268882546417407,-0.0021380283336930534,-0.0002617993877991494,0.09069200000000006,0.0851980000000001,-0.06698375000000006,-0.08957246390605911,-0.08650482355771093,-0.06681504353893349,-0.0018362355100742134,-0.0017733488829330755,-0.0013697083925481377
1.038,7.948,6.997,-7.005,0.668845075949267,0.35543630216864525,-0.13775883785991241,6.262415889080854,-0.017453292519943295,-0.02844886680750757,0.041000000000000036,6.411,5.9052500000000006,-5.01875,0.2576018709481031,0.1277581012459849,0.03869394951671428,4.692492226911954,-0.006501351463678877,-0.007374016089676042,0.31280950000000024,0.2914536250000003,-0.23685187500000018,-0.2991529759502566,0.30867286961558743,-0.23264214160441893,-0.009805107027128692,0.0027810960612533967,-0.007508580687986868
1.078,6.0280000000000005,8.967,-7.205,-0.0380132711084365,0.5769185842467256,0.19402825294420964,6.260321493978461,-0.03717551306747922,-0.039269908169872414,0.040000000000000036,7.917999999999999,8.147,-6.82,0.26497588703777913,0.2791217806251931,-0.03543891046174486,6.257572600406569,-0.01579522973054868,-0.017191493132144145,0.5993895000000005,0.5724986250000006,-0.47362687500000045,0.576977621659495,0.5958739707072955,-0.472626597005587,-0.004248614112943919,0.02087203286771107,-0.021613955460186997
1.119,4.3580000000000005,8.817,-7.765,0.03406882699892931,0.53555428097446,0.2921157569062909,6.2482787221397,-0.05899212871740834,-0.03490658503988659,0.040999999999999925,6.593,8.1445,-7.234999999999999,0.26497588703777913,0.4163046598319474,0.04174827570770436,6.257005368399671,-0.030019663134302467,-0.02700897017461225,0.8968649999999999,0.9064743749999999,-0.761754375,0.8495715001323256,0.9505718076147296,-0.7622164084557982,0.02499564288378835,0.052574171323312525,-0.04692823707214535
1.159,6.368,8.127,-5.885,0.4093146161777102,0.46451938041829083,0.4099254814159082,6.236235950300939,-0.07853981633974483,-0.046949356878647465,0.040000000000000036,6.175500000000001,8.227,-6.965,0.2685538120043675,0.4831071369520304,0.18957766335162407,6.251813013874989,-0.04804018766114392,-0.03739367922397851,1.1522350000000001,1.2339043750000003,-1.0457543750000002,1.0614610091703625,1.3096005948628782,-1.049768794852759,0.06321629306984214,0.09777761937286472,-0.08316794113831652
1.199,4.448,10.117,-8.185,0.009983283321407566,0.3248930402587445,0.4851491721768637,6.215641065127405,-0.09267698328089889,-0.05777039824101231,0.040000000000000036,5.3005,9.007000000000001,-7.26,0.10383836384740265,0.47547132147455523,0.3453046658608181,6.240119307886626,-0.06684611035138283,-0.04472406208235469,1.3817550000000003,1.5785843750000006,-1.3302543750000004,1.22072409495793,1.6982338632780734,-1.3403680990051046,0.10885999515240803,0.1579343085356838,-0.13097067901547382
1.243,5.678,6.917,-6.805,0.011205013797803596,0.2563016006553673,0.054401912784663255,6.206914418867434,-0.10262536001726658,-0.05567600313861911,0.04400000000000004,5.213,8.4945,-7.16,0.11614293507396267,0.39531707557671564,0.3103980808209315,6.22676753910887,-0.08320857208882966,-0.04882558582454137,1.6130520000000006,1.963617375000001,-1.6474943750000008,1.3576449389608047,2.135218254842243,-1.6642147967330112,0.16558411389862024,0.24227025513433084,-0.19707150272171242
1.285,3.728,8.187000000000001,-8.594999999999999,-0.21027726828027682,0.06431538293599104,0.15580554232553379,6.203598293288645,-0.1069886831472524,-0.05672320068981571,0.041999999999999815,5.0555,8.337,-7.3675,0.055056411254161136,0.2775073510670984,0.2763205271757422,6.215597431896106,-0.09520771069629068,-0.05427973973702365,1.8286904999999996,2.3170788749999995,-1.9525718749999994,1.4748546228842438,2.5457612889705583,-1.9670799896644928,0.225066604697366,0.3405708255543992,-0.2733286932360597
1.324,4.158,8.797,-5.904999999999999,-0.7382393670085615,0.27148596514771794,0.2081654198853637,6.194871647028673,-0.11344640137963143,-0.03385938748868999,0.039000000000000146,4.503,8.5045,-7.3725000000000005,-0.23183208454240678,0.2292489972494552,0.2258805117931061,6.205256356078039,-0.10393435695626232,-0.05100724738953428,2.01508125,2.645488125000001,-2.2400018750000004,1.5608902605977808,2.9138269363966174,-2.2693616817778515,0.2842636299252657,0.44703279594905954,-0.3559393058291857
1.362,1.968,8.847000000000001,-6.415,-0.953263930854263,0.21912608758788807,0.5059185902755963,6.17741835450873,-0.1265363707695889,-0.0020943951023931952,0.038000000000000034,3.883,8.187000000000001,-6.93,-0.4726438880863244,0.2028072590817411,0.23107286631778926,6.195700678423371,-0.11239920382843482,-0.037088246604879506,2.1744152500000005,2.9626266250000013,-2.511749375000001,1.6134861939885439,3.239601150472436,-2.591480235130184,0.3445767825624059,0.5639479295995716,-0.44829530225043845
1.401,-1.952,10.657,-10.174999999999999,-0.4438023221971181,-0.7734426580212872,0.5713684372253837,6.154554541307604,-0.11135200627723822,0.022863813201125717,0.038999999999999924,1.9755000000000003,9.122,-7.772499999999999,-0.5863957220850549,-0.05462880558742253,0.3603144974279694,6.182610709033414,-0.11458086539342774,-0.017453292519943292,2.2886560000000005,3.3001521250000008,-2.798448125,1.6130323344024804,3.565134778403775,-2.940782709208892,0.40749389386603074,0.6966402802126574,-0.5561744296650503
1.448,-6.8919999999999995,14.157,-14.334999999999999,-0.11760028499937793,-0.8814785387197361,0.5167396316379611,6.127152872051293,-0.06771877497737998,0.023911010752322315,0.04699999999999993,-0.6794999999999998,10.6145,-9.2075,-0.5632264762648301,-0.2910772860013543,0.4505480197560762,6.163499353724076,-0.10476338835095964,0.0027052603405912116,2.3191120000000005,3.7639598750000003,-3.1974781249999995,1.5085769575797032,4.004794628392381,-3.384576238832069,0.4808517122276119,0.8745336212723669,-0.7048203649440126
1.489,-3.622,11.107000000000001,-11.615,-0.3783524752473308,-0.6905395185515566,0.5800950834853553,6.1053362564013645,-0.039269908169872414,0.03717551306747922,0.04100000000000015,-2.6245,11.192,-10.635,-0.4732547533245225,-0.5315836569261729,0.5435304356560741,6.141115506067249,-0.08621926504851989,0.02046398547963351,2.25138,4.210993125000002,-3.604249375000001,1.3160182466474577,4.410051515570656,-3.822476967214988,0.5387559139142689,1.0470379672236096,-0.8525649556679777
1.529,-4.372,10.577,-11.045,0.9437344331383739,-0.032899456400093105,0.582364011512948,6.084741371227831,-0.03822271061867582,0.016406094968746697,0.039999999999999813,-4.2095,11.6245,-11.7925,0.0009948376736367837,-0.5945900429231683,0.562641790965412,6.117946260247024,-0.0641408500107916,0.025089107997418487,2.114700000000001,4.667323124999999,-4.052799374999999,1.0556941837585536,4.846453542605284,-4.251875100106683,0.5861901625223889,1.2321680683871277,-1.0140519970144104
1.572,-1.682,10.897,-11.305,0.14856242592975735,-0.2945243112740431,-0.21839304930205045,6.084741371227831,-0.027227136331111543,-0.0054105206811824215,0.04300000000000015,-4.1419999999999995,11.6845,-12.075,0.14908602470535565,-0.4748604562363572,0.3652014193335535,6.10049296772708,-0.043109632524259936,0.018020524526841455,1.9351427500000002,5.168466625000001,-4.565950625000001,0.7662718151850196,5.3501952220523075,-4.700422153140724,0.6253624314996759,1.4513960168272666,-1.2065263879592303
1.612,-1.102,11.927,-9.715,-0.14046409820050365,-0.35246924244025485,0.006230825429619756,6.089104694357816,-0.0153588974175501,-0.004363323129985824,0.040000000000000036,-2.6945,11.127,-10.920000000000002,0.14337007140507418,-0.34260813216648695,0.23757421778146814,6.090980923303711,-0.03001966313430247,0.010951941056264418,1.7984127500000002,5.624696625000001,-5.025850625000001,0.5396857273103479,5.80906356620515,-5.108247727644703,0.6514815823495832,1.674581192592416,-1.402699785574939
1.652,-1.092,9.697000000000001,-8.334999999999999,-0.35967745225099146,-0.2847504674628748,0.0662701516982247,6.083519640751435,-0.0020943951023931952,0.006457718232379019,0.039999999999999813,-2.0620000000000003,10.7745,-10.1,0.14803882715415903,-0.24116086939431647,0.10911798483468552,6.085526769391228,-0.020725784867432664,0.0032724923474893677,1.7032827500000007,6.062726624999999,-5.446250624999999,0.36658363912255554,6.261275030570052,-5.475538654172024,0.6696069696782412,1.9159879645279188,-1.6143755132112725
1.692,-2.662,10.827,-9.125,-0.35531412912100563,0.1908517537055799,-0.07440338601251827,6.085788568779027,-0.0020943951023931952,0.02181661564992912,0.040000000000000036,-1.6345,10.837,-9.62,-0.17672331341068587,-0.1852230668678982,-0.05507386454668106,6.085788568779027,-0.011693705988362009,0.0046251225177849735,1.6293527500000007,6.4949566249999995,-5.840650624999999,0.25561870428032757,6.661270862776739,-5.874911168572724,0.6820510165462988,2.174438882394855,-1.8413845096661676
1.732,-6.612,13.587,-9.815,-0.3008598564587825,0.5332853529468674,-0.1365371073835164,6.09119908946021,-0.02076941809873252,0.03385938748868999,0.040000000000000036,-2.867,11.5095,-9.247499999999999,-0.28907888400782084,0.02172934918732944,-0.03460987906704756,6.087402998337122,-0.010079276430267252,0.014442599560253075,1.5393227500000006,6.9418866249999995,-6.218000625,0.09680252870192582,7.018156860449795,-6.321308390521715,0.6890994412059439,2.4480274368593857,-2.0853089008480565
1.771,-8.272,13.897,-9.725,-0.1635024443268288,0.49628437280458765,-0.5184151477198757,6.1053362564013645,-0.04258603374866164,0.039269908169872414,0.038999999999999924,-4.6594999999999995,12.002,-9.25,-0.29483847053940215,0.23391775299854006,-0.1657713723544214,6.09146088884801,-0.01688606051304514,0.025350907385217634,1.392556000000001,7.400360874999999,-6.578701874999999,-0.15419015310105944,7.360983631121414,-6.765797590273045,0.6879803825301608,2.728420676445024,-2.3405074674735538
1.812,-9.992,14.887,-9.485,-0.06314601233715485,0.5791875122743182,-0.8500277055987983,6.134832320760069,-0.060039326268604934,0.046949356878647465,0.04100000000000015,-6.8845,13.2995,-9.5375,-0.22070561056094296,0.4499022479328383,-0.3948458366786771,6.104289058850168,-0.03137229330459808,0.03547381704678475,1.155904,7.919041625,-6.963845625,-0.48998804833530196,7.746754303076111,-7.231195591656375,0.6747747294007154,3.038129304096074,-2.6274458277031076
1.853,-6.582,13.097000000000001,-10.155,0.3002315379280646,0.7776314482260736,-1.3823531274570688,6.179512749611123,-0.08517206749732328,0.040317105721069016,0.040999999999999925,-7.8645000000000005,13.867,-9.795,-0.05681919379867538,0.5965971715629617,-0.7218332720398148,6.127720104058192,-0.0521417114033306,0.040098939564569724,0.8535495000000006,8.475954875,-7.360161874999999,-0.8521189691662934,8.205382994209478,-7.660804383282142,0.6472615355419327,3.365148118690428,-2.9327318271893468
1.893,0.418,10.677,-8.545,0.03616322210132251,0.9053895494720584,-2.224474491544333,6.254910973297278,-0.11780972450961724,0.04363323129985824,0.040000000000000036,-6.107000000000001,13.1395,-9.477500000000001,0.02743657584135087,0.6896232206942594,-1.243817618080019,6.168648075017459,-0.07640178800605177,0.042542400517361786,0.5741195000000003,9.016084875,-7.745611875,-1.0499241784336588,8.68749716312176,-8.064673288603629,0.6092206725899336,3.7030057218370533,-3.2472413806270626
1.937,3.068,9.637,-8.985,0.6033952289994796,0.32052971712875866,-1.6157036484487108,0.050265482457436686,-0.13316862192716733,0.03717551306747922,0.04400000000000004,-3.2720000000000007,12.0745,-9.2925,0.21916099417292798,0.6456845567753022,-1.5181397432622277,4.654880381531477,-0.0990474350506782,0.042018801741763485,0.3677815000000001,9.570792875,-8.158551875,-10.335938426851753,-0.4840190694216565,-7.1576120711955715,0.35873169527365434,3.8834822398984556,-3.5821316585426453
1.976,5.098,8.627,-6.205,-0.0216071761396898,0.38720129455494207,-0.9100670318674032,0.09389871375729493,-0.14835298641951802,0.03822271061867582,0.038999999999999924,0.5005000000000001,10.509500000000001,-8.4725,0.22954570322229426,0.5976880023454582,-1.533149574829379,3.1446469797807834,-0.12112585008840646,0.03983714017677057,0.3137372500000002,10.011180874999999,-8.504969375,-1.3694449177048376,-10.336819286754348,-7.995715433533566,0.13047672005480127,3.672475891953024,-3.877621544884863
2.015,7.638,10.007,-7.045,0.32518974623158353,-0.2074323815995261,-0.00895353906273091,0.10803588069844901,-0.1473057888683214,0.030543261909900768,0.039000000000000146,4.0555,9.737,-7.695,0.23578525529817396,0.3514220448890583,-1.1897996777307946,1.626777762552615,-0.136659280431156,0.037393679223978515,0.4025792500000005,10.405987625,-8.820235625,9.068885487365721,-1.362969505223927,-10.10647491114384,0.280615811163189,3.4443300105094465,-4.230614256606073
2.055,10.628,9.807,-6.654999999999999,0.44631559631998996,-0.7659377422377116,0.6270444403640028,0.09267698328089889,-0.1254891732183923,0.013089969389957472,0.040000000000000036,6.6080000000000005,9.5195,-7.2225,0.3383233488528409,-0.06640977803838422,-0.4769199447537106,0.08621926504851989,-0.13857914260834978,0.02975786374650332,0.6158492500000007,10.791117625,-9.118585625000001,0.26841592232331046,10.418214900707769,-9.558495952349503,0.4673618393569698,3.6254349184191237,-4.623913673875941
2.095,14.578,7.537000000000001,-6.6049999999999995,0.4691794095211157,-1.0102838375169176,0.7338585905860558,0.06544984694978735,-0.08831366015091306,-0.006457718232379019,0.040000000000000036,9.4855,8.9945,-6.6275,0.30476939398324987,-0.39911316669980335,0.11047061500498112,0.09001535617160754,-0.1273654021642862,0.01884955592153876,0.9377192500000009,11.161397625000001,-9.395585625000002,0.7281320483262705,10.849658294394748,-9.77179012192517,0.48729279876996145,4.050792382321174,-5.010519395361435
2.135,11.968,9.547,-5.0649999999999995,0.30459486105805045,-0.5924520145894752,0.8103040118234074,0.03595378259108319,-0.061086523819801536,-0.02181661564992912,0.03999999999999959,11.203,9.224499999999999,-6.342499999999999,0.3863199032826849,-0.6440264939859076,0.5405633759276838,0.0755291233800546,-0.10554878651435709,0.0038397243543875264,1.3514892499999966,11.525777624999998,-9.654985625,1.1878200021697707,11.353091199986347,-9.87852338763293,0.5256118397798819,4.494847372208792,-5.403525665552593
2.173,9.468,9.857000000000001,-5.595,-0.30731757469116155,-0.09608037532228784,0.37938221950600737,0.012042771838760872,-0.05235987755982989,-0.0153588974175501,0.038000000000000256,11.660499999999999,9.187000000000001,-5.979999999999999,0.22819307305199865,-0.616188492416598,0.6376473155698683,0.05153084616513258,-0.0818123086872342,-0.007635815477475192,1.7858957499999994,11.875596125000001,-9.889113125000002,1.5790534691363367,11.84425391802388,-9.96162660512905,0.5781824357346983,4.935596929450989,-5.7804885154150725
2.214,9.488,6.207000000000001,-7.305,-0.2964965333287967,0.08176867545593434,-0.21507692372326123,0.017453292519943295,-0.054628805587422516,-0.0033161255787892262,0.040999999999999925,11.375499999999999,8.287,-6.142499999999999,0.04249004063980197,-0.4042618879931866,0.4271169745480523,0.032724923474893676,-0.06409721677949175,-0.011737339219661866,2.2581337499999985,12.233813125000001,-10.137624375000001,2.0023985739466448,12.273281122092497,-10.143655654055388,0.6516022026178993,5.430006397773374,-6.192646801728353
2.258,8.648,12.237,-4.925,-0.5146626898280879,-0.16589354540206103,0.4294731690382447,0.010995574287564275,-0.05235987755982989,0.008726646259971648,0.04400000000000004,9.893,9.462000000000002,-5.7225,-0.20347048419749894,-0.19316431496447242,0.35102061916109956,0.01911135530933791,-0.055108771131720954,-0.0079412480965742,2.726040749999999,12.624291125000001,-10.398654375000001,2.389524604542404,12.653243972841791,-10.446129738719042,0.7482245125446584,5.978389949861929,-6.645622080369391
2.298,7.0280000000000005,9.957,-5.595,-0.25617942760772766,-0.10480702158225949,0.421968253254669,6.273411463368418,-0.04590215932745086,0.019547687622336492,0.040000000000000036,8.658,9.5645,-5.8549999999999995,-0.3436640563639434,-0.07125306671266851,0.25393667951891497,1.5784757755036716,-0.051312680008633295,0.0023998277214922034,3.097060749999999,13.004821125000001,-10.630204375000002,12.4183440044454,-3.2239039100459532,-11.274288385647736,1.0443818847244146,6.166976751117845,-7.080030442856726
2.337,7.428,10.237,-5.055,-0.27467991767886757,-0.0863065315111196,0.41533600209709054,6.258052565950868,-0.04153883619746504,0.025132741228718343,0.039000000000000146,8.148,9.659500000000001,-5.72,-0.33550464211086994,-0.06880960575987645,0.26292512516668576,3.1399782240316982,-0.04860741966804208,0.012522737383059314,3.42477775,13.379689125000002,-10.855916875000002,-3.9266235587181146,-13.517862281831436,-10.509288352357977,1.2099704334160972,5.840512310376235,-7.50481018924784
2.377,5.478000000000001,9.277000000000001,-7.435,-0.27031659454888174,-0.8247553380299205,0.16662658368789865,6.244962596560911,-0.022863813201125717,0.03490658503988659,0.03999999999999959,7.1455,10.427000000000001,-5.7524999999999995,-0.3289596574158912,-0.2954406091313402,0.35835100201947573,4.69685555004194,-0.040666171571467874,0.02207841503772827,3.730647749999997,13.781419124999998,-11.085366875,-14.276938745800006,3.2831711855595342,-10.588692624768612,0.8458991873257384,5.635818488450799,-7.926769808790367
2.417,5.408,6.457000000000001,-6.0649999999999995,-0.684832291897535,-1.2959942360683894,-0.3513871383040184,6.251594847718489,0.02181661564992912,0.05672320068981571,0.040000000000000036,6.335500000000001,8.982000000000001,-6.0375,-0.37150205793325297,-0.5779657817979222,0.16313592518390996,6.257005368399671,-0.022122048269028124,0.03407755364518928,4.000267749999997,14.169599124999998,-11.321166875,3.376665417925026,13.87281086303125,-11.87820484166018,0.6278937207682387,5.978938129422615,-8.376107758118943
2.457,3.7380000000000004,10.447000000000001,-8.254999999999999,-0.11550588989698474,-1.2195488148310378,0.15789993742792702,6.254910973297278,0.07417649320975901,0.06771877497737998,0.040000000000000036,5.513,9.104500000000002,-6.7025,-0.3363336735055673,-0.8566512301101168,0.09711884622722444,6.252380245881887,0.007897614865274346,0.04612032548395016,4.237237749999998,14.531329124999997,-11.575966874999999,3.8789632076345617,14.107056892874473,-12.209066681577905,0.7730062932794306,6.53853548454073,-8.857853188583706
2.497,1.218,9.137,-6.915,-0.602976349979001,-0.3643374813538163,0.6989520055461692,6.233094357647349,0.10035643198967395,0.08831366015091306,0.040000000000000036,3.9605000000000006,8.829500000000001,-7.1674999999999995,-0.41840778158060066,-0.926158967570791,0.1680228470894941,6.246140693806007,0.04337143191205909,0.06191555521449883,4.426707749999998,14.890009124999997,-11.853366874999999,4.382497164345648,14.292554641360098,-12.582806521125512,0.9382355007190349,7.106527715225422,-9.353690652637773
2.537,-3.272,6.8469999999999995,-8.825,-0.48411942791818713,0.27375489317531054,0.7132637054125227,6.206914418867434,0.0916297857297023,0.11013027580084218,0.040000000000000036,1.7730000000000001,8.222000000000001,-7.515,-0.47185848992292695,-0.6515314097694832,0.30468212752065016,6.236628649382638,0.0719948316447661,0.08072147790473773,4.541377749999998,15.231039124999997,-12.147016874999998,4.691458436424411,14.420937911782149,-13.045514598544473,1.1197146127344362,7.680797566288267,-9.866257075031173
2.576,-6.912,10.547,-9.084999999999999,-0.5747020160966928,-0.23361232037944105,-0.20757200793968564,6.204645490839842,0.09389871375729493,0.1275835683207855,0.039000000000000146,-1.307,9.244500000000002,-8.27,-0.4443259209727164,-0.3859359308472462,0.34063591011173333,6.224891310162976,0.09001535617160755,0.09843656981248018,4.550464749999998,15.571635874999998,-12.454824375,4.740409498633307,14.546805742732321,-13.572920980583017,1.3036360374680624,8.245668567551302,-10.38531656882416
2.621,-11.622,11.557,-8.705,-0.1460491518068855,0.014049900478554353,-0.21944024685324706,6.217735460229799,0.09930923443847736,0.14067353771074298,0.04499999999999993,-5.147,9.522,-8.382499999999999,-0.45196173645019155,-0.0775362520198481,0.2463008640414398,6.215597431896106,0.09629854147878714,0.11667526049582093,4.4052497499999985,15.993882124999997,-12.829505625,4.533217211927074,14.694897657971952,-14.258914050564814,1.5122926384556707,8.903606894067147,-11.011532857024985
2.661,-11.602,14.077,-8.075,-0.718691679386225,-0.7680321373401048,0.6968576104437759,6.203598293288645,0.11135200627723822,0.16039575825827887,0.040000000000000036,-8.352,10.757,-8.6725,-0.4808905688019976,-0.17845991601642022,0.24577726526584148,6.2082234158064304,0.09904743505067821,0.13469578502266238,4.135269749999998,16.399462124999996,-13.170605625,4.1836643943224505,14.790626530300884,-14.941284600083565,1.6866302705806615,9.493317377832604,-11.595536830037954
2.7,-6.262,13.787,-7.385,0.03616322210132251,-0.44514622572115375,1.2738634611531012,6.15891786443759,0.13194689145077132,0.17889624832941878,0.039000000000000146,-9.099499999999999,12.491999999999999,-8.3125,-0.3508199062971202,-0.3581851957405363,0.38592720420098614,6.1962242771989695,0.10912671148094547,0.15188727815480652,3.794965499999997,16.852817624999997,-13.501813125000002,3.7736371486120275,14.929104556257819,-15.60768024176112,1.8417976506678844,10.0728521340205,-12.191241644453928
2.739,-5.4319999999999995,14.067,-7.385,0.45399504502876503,0.06326818538479445,0.7099475798337335,6.119647956267718,0.1275835683207855,0.16807520696705394,0.0389999999999997,-8.7295,13.372,-7.887499999999999,-0.09364564101575575,-0.2839650692994774,0.615307101144341,6.174974893555937,0.1175479251218181,0.16201018781637364,3.4472999999999994,17.357165624999993,-13.817713125,3.1623654922788775,15.213032375550888,-16.206398806093937,1.977049702165256,10.660623804190767,-12.811616185887097
2.778,-6.6419999999999995,14.547,-7.3149999999999995,0.22605504471830556,0.21807889003669145,0.06853907972581733,6.1086523819801535,0.12007865253720987,0.15812683023068627,0.039000000000000146,-7.4845,14.119499999999999,-7.539999999999999,-0.0006195918844579817,-0.23295782190994313,0.687301932789107,6.147704123993527,0.12274027964650122,0.16637351094635947,3.1311269999999984,17.893249874999995,-14.118549375,2.4090540550579513,15.594908679077518,-16.742194171752722,2.0856923833383245,11.261378654756022,-13.454113748955109
2.819,-8.352,13.687000000000001,-7.475,0.48994882761984815,0.4547455366071226,-0.3667460357215685,6.116331830688928,0.1090830782496456,0.14294246573833558,0.040999999999999925,-6.672,14.021999999999998,-7.390000000000001,0.30154053486706034,0.07273659657686368,0.4214010212477709,6.125887508343597,0.12217304763960307,0.16201018781637364,2.840918749999999,18.470150624999995,-14.424614375,1.6710678023783387,16.13134177088124,-17.154420083250336,2.1693348814157685,11.911766788980175,-14.14899434118267
2.859,-8.582,13.347000000000001,-8.305,0.6906616915991961,0.7067710805951037,-0.7692189612314608,6.141464571917647,0.08726646259971647,0.11449359893082801,0.040000000000000036,-7.252,13.912,-7.619999999999999,0.4651651522415287,0.36071592315592804,-0.08936958434836964,6.121524185213611,0.11100294042683936,0.14590952546672595,2.5624387499999988,19.028830624999994,-14.724814375000001,1.1006158620843802,16.852921724673955,-17.327732677612122,2.224768554705023,12.57145205889128,-14.83863739639992
2.9,-9.162,13.887,-8.935,0.6121218752594513,0.6074618461566264,-1.040966725766978,6.178465552059927,0.06440264939859076,0.08726646259971647,0.040999999999999925,-8.1845,13.867,-8.0075,0.5046968597992003,0.496764338348886,-0.5270981607485474,6.136228584161664,0.09520771069629068,0.1257073393748916,2.2459904999999996,19.598300124999994,-15.045178125,0.7852234720568898,17.67486606493873,-17.391887753031636,2.263428261054919,13.279271708578339,-15.550389615228115
2.94,-8.952,12.647,-6.7749999999999995,0.5653470513060033,0.014049900478554353,-1.5088894982266579,6.228731034517363,0.05777039824101231,0.06335545184739416,0.040000000000000036,-8.762,13.392000000000001,-7.8725,0.5895198614461248,0.4457570909593518,-0.9214553052366663,6.166248247295966,0.07963064712224129,0.10201449477906856,1.9070604999999992,20.143480124999996,-15.362778125,0.7673826997804785,18.55999817245244,-17.33058610219367,2.294480384491666,14.003968993326163,-16.244839092332622
2.983,-6.742,9.427,-7.165,1.0419964700256545,0.06326818538479445,-1.8567336181491279,0.012042771838760872,0.06213372137099813,0.02844886680750757,0.04300000000000015,-8.359499999999999,12.327,-7.795,0.7275317720475762,0.34788775315376974,-1.293952200843556,4.640175982583425,0.06789330790257943,0.07339109504636156,1.538948249999998,20.696438625,-15.699629375,-19.640640106770384,-1.2101926421759852,-17.02850510033334,1.8887053502413818,14.376989812227109,-16.983559553186957
3.025,0.848,11.477,-8.945,0.6962467452055779,0.11876965559821412,-2.0073555325962382,0.08831366015091306,0.05777039824101231,-0.016406094968746697,0.041999999999999815,-6.002000000000001,11.8595,-7.955,0.7289280354491717,0.20088739690454732,-1.6034863436847506,3.1268882546417407,0.06051929181290337,0.04066617157146788,1.2373567499999993,21.204355124999996,-16.030379375,0.04581241537659242,-21.855509697331385,-15.181020650561031,1.477213968722114,13.892610063097456,-17.659959593955737
3.068,3.7880000000000003,10.377,-7.185,-0.6160663193689585,0.311803070868787,-0.5445950864997907,0.13962634015954636,0.04153883619746504,0.0,0.04300000000000015,-2.7644999999999995,10.982000000000001,-7.517499999999999,0.4218809867920693,0.12697270308258748,-1.4793934338679537,1.6171784516666459,0.054803338512621945,0.01884955592153876,1.0488769999999987,21.695447374999997,-16.363038125,22.487319510508005,-2.338934076706341,-15.112625352991273,1.9616763051286346,13.372429521955643,-18.311272983032115
3.109,9.697999999999999,6.797000000000001,-10.135,1.436789946826772,-0.7582582935289365,1.1843280705257921,0.11571532940722405,0.06440264939859076,-0.02844886680750757,0.040999999999999925,1.8979999999999997,9.5195,-8.3575,0.6397417106722616,-0.06610434541928523,-0.8060890416798412,0.0889245253891111,0.05646140130201656,-0.004101523742186674,1.0311137499999987,22.115728124999997,-16.688475625,3.928067221893535,22.00423647733966,-16.40297868376882,2.5031917331428652,13.775568221168626,-18.957342865785694
3.15,14.677999999999999,10.397,-10.655,1.5415097019464319,-0.2498438824229883,1.9784528801832122,0.04258603374866164,0.08395033702092725,-0.08290313946973066,0.040999999999999925,7.253,9.762,-9.23,0.7646200186524559,-0.14438236237123092,0.15270758290324388,0.09656034086658628,0.06191555521449884,-0.03193952531149623,1.2187092499999983,22.510998874999995,-17.049019374999997,4.431767759225099,22.813987796342403,-16.08666465094753,2.674568350255797,14.694341818779106,-19.623380554147378
3.189,9.537999999999998,7.587,-7.955,-0.7438244206149434,0.08072147790473774,0.25720917186640435,0.019547687622336492,0.08517206749732328,-0.07644542123735164,0.039000000000000146,9.4255,8.7895,-8.9825,0.4046022271973255,-0.1538944067946,0.7188487590189044,0.07936884773444214,0.06876597252857658,-0.04694935687864747,1.5439399999999996,22.872753124999996,-17.404163124999997,4.540505866439436,23.457418981488576,-16.04944801312915,2.8495276859562564,15.596634250946813,-20.250034751096877
3.228,7.668,11.037,-5.095,-1.2400215269569312,0.3597996252986311,-0.5543689303109589,0.04258603374866164,0.06771877497737998,-0.017453292519943295,0.039000000000000146,10.395499999999998,8.954500000000001,-8.459999999999999,0.2486134253003323,-0.14189526818713902,0.7164052980661124,0.055108771131720954,0.07531095722355531,-0.051312680008633295,1.930449500000001,23.218761124999997,-17.744291875,4.532416721145067,23.94196155972621,-16.246140247318113,3.026449676414155,16.520922171500505,-20.8797987221756
3.27,6.518,9.727,-7.255,-0.12423253615695638,0.08386307055832753,-1.1346909065990736,0.08395033702092725,0.060039326268604934,0.0,0.041999999999999815,9.600499999999998,9.687000000000001,-7.739999999999999,-0.14164219544559978,0.06863507283467701,0.13665055378489604,0.047167523035146756,0.07422012644105885,-0.0442004633067564,2.350365499999999,23.610232624999995,-18.084491874999998,4.79244784049426,24.235771072135982,-16.723516173409934,3.22227183220858,17.532654556769607,-21.572161507010886
3.314,4.758,10.727,-6.545,0.7398799765054362,0.2540326726277747,-0.5597794509921413,0.11571532940722405,0.053407075111026485,-0.018500490071139894,0.04400000000000004,7.1205,9.7695,-6.7125,-0.3420496268058487,0.19460421159736774,-0.4979075290089423,0.06544984694978737,0.06658431096358366,-0.028099800957108706,2.7182274999999994,24.038275624999994,-18.402446875,5.4995007759714065,24.307509901748315,-17.400516094182947,3.4486947017708247,18.60060673819506,-22.32289021689793
3.354,6.458,12.097000000000001,-8.165,0.6711140039768596,0.30098202950642217,-0.3929259745014834,0.12985249634837812,0.03595378259108319,-0.04468042885105484,0.040000000000000036,6.3505,10.897000000000002,-6.765,0.011684979342102081,0.24966934949778888,-0.6604413156009143,0.09302604913129778,0.05427973973702365,-0.020158552860534508,2.9876474999999996,24.451605624999996,-18.671996874999998,6.251373631638311,24.433546760429852,-17.871000054511292,3.6837121899230194,19.575427871438627,-23.028320539871817
3.393,1.868,8.487,-7.705,0.5259026102109314,0.24216443371421323,-0.6721786548205761,0.15062191444711065,0.025132741228718343,-0.06649704450098395,0.0389999999999997,4.9005,10.259500000000001,-7.4175,0.4531660136340677,0.2202605516016844,-0.6898937467283186,0.12003501930591003,0.04363323129985824,-0.03241949085579467,3.2070419999999977,24.86415737499999,-18.948555624999997,6.982033296063911,24.893341845257197,-17.86426442538487,3.941763625013211,20.537302199249517,-23.72515819722979
3.432,2.728,9.127,-7.555,0.3220481535779937,-0.20306905846954026,-0.7617140454478852,0.17889624832941878,0.023911010752322315,-0.08185594191853406,0.039000000000000146,3.9530000000000003,10.1095,-7.4925,0.5647361860678052,0.14852751934471747,-0.5966495314405216,0.1437714971330329,0.03460115242078759,-0.052883476335428184,3.3796852499999983,25.261352874999993,-19.239300625,7.6255801173853754,25.48584218653415,-17.664407318669838,4.226612086575473,21.51969628786945,-24.417967296238857
3.473,1.798,6.317,-8.555,0.38627627005138504,-0.20411625602073685,-0.6187715797095495,0.20734511513692636,0.02949606435870417,-0.09599310885968812,0.040999999999999925,3.213,9.007000000000001,-7.994999999999999,0.47633525945429245,0.033990287182589576,-0.6113975636198736,0.16667894356545845,0.028623399732707003,-0.07225663103256524,3.526588249999998,25.653241124999994,-19.556794375,8.290335599593178,26.043464534790914,-17.492915760377578,4.552888358773533,22.57604707565661,-25.138692419359327
3.513,2.1180000000000003,8.207,-7.215,0.3721391031102309,-0.35246924244025485,0.13067280109681545,0.21380283336930536,0.040317105721069016,-0.11135200627723822,0.040000000000000036,2.128,8.034500000000001,-7.757499999999999,0.4015915342376353,-0.12937253080407968,-0.4804978697202989,0.1876665278206903,0.02971423051520346,-0.08892452538911108,3.633408249999998,25.994071124999994,-19.871844375,9.005920283897266,26.50334815654302,-17.32770972633432,4.898813476443342,23.62698332948329,-25.835104929093564
3.553,0.358,8.697000000000001,-7.465,0.40372956257132836,-0.46696284137108285,0.7895345937246749,0.19303341527057286,0.05899212871740834,-0.1244419756671957,0.040000000000000036,1.7505,8.087000000000002,-7.6975,0.3710482723277345,-0.3066543495754037,-0.11506955758398613,0.19826940302655582,0.038179077387375956,-0.10341075818066403,3.710978249999998,26.316501124999995,-20.180944375,9.585788490978128,26.982974891598083,-17.13568883665205,5.27064765194085,24.696709790446114,-26.524372900353292
3.592,0.478,6.8469999999999995,-8.685,0.5325348613685098,-0.6132214326882077,1.134237120993555,0.1637118838370681,0.07958701389094142,-0.13753194505715316,0.039000000000000146,1.188,7.517000000000001,-7.98,0.4236699492753635,-0.4091924431300706,0.3589182340263739,0.19447331190346817,0.052098078172030736,-0.1173297589653188,3.768278999999998,26.620779124999995,-20.486655625,9.89654190681312,27.557211065888144,-16.8886779558971,5.650553094697781,25.7602434166171,-27.187848052808004
3.632,-0.312,5.157,-8.004999999999999,0.2969154123492754,-0.608858109558222,1.2956800768030303,0.10367255756846318,0.11780972450961724,-0.14835298641951802,0.040000000000000036,0.6605000000000002,7.227000000000001,-7.8425,0.40132973484983614,-0.5103779065144418,0.8375311481545189,0.16855517251135238,0.074176493209759,-0.13041972835527627,3.805248999999998,26.915659124999994,-20.803105625,9.785598496329973,28.294268793438007,-16.594524556112116,6.044195902760643,26.877273013803624,-27.85751210304819
3.677,-2.8219999999999996,6.787000000000001,-9.415,-0.11218976431819552,-1.2218177428586303,1.3490871519140568,0.054628805587422516,0.16580627893946132,-0.14503686084072878,0.04499999999999993,-0.5744999999999999,6.872,-8.392499999999998,0.2802475179927295,-0.7277150316190357,1.1421347358588294,0.12876166556588167,0.10554878651435708,-0.1388409419961489,3.807183999999998,27.232886624999992,-21.168393125,9.462216744416015,29.070657831704604,-16.419163771281163,6.477271745677427,28.16798386286933,-28.600320090414538
3.716,-4.202,5.677,-8.565,-0.2572266251589243,-1.4410310969091182,1.0687872740437676,0.012042771838760872,0.22479840765686965,-0.12880529879718153,0.039000000000000146,-1.7145,6.117,-8.667499999999999,0.11500847106016633,-0.9712320955035446,1.2119479059386022,0.08351400470792866,0.14700035624922242,-0.13993177277864535,3.762548499999998,27.486172124999992,-21.501063125,9.126374646972382,29.65494736518062,-16.408398074665307,6.839749277809503,29.313133164208597,-29.240457546410497
3.756,-7.811999999999999,8.387,-8.385,-0.5549797955491569,-1.1509573752276605,0.6717248692150577,6.269048140238432,0.27820548276789614,-0.10367255756846318,0.03999999999999959,-3.787,6.502000000000001,-8.5925,-0.15687019316925033,-1.1056660811384078,1.096319842993978,1.6098480688082697,0.1966549734684611,-0.13146692590647288,3.6525184999999993,27.73855212499999,-21.846263124999997,31.311854871646048,-2.5895437807820034,-16.51936395310992,7.648513868181863,29.854441235896566,-29.899012786965994
3.794,-9.812000000000001,9.367,-11.075,-0.4033106835508497,-0.8062548479587806,0.615001668525242,6.2482787221397,0.3131120678077827,-0.07958701389094142,0.038000000000000256,-6.162,7.5545,-9.36,-0.3319267171442816,-1.1550152657385473,0.926150240924531,3.1459996099510787,0.24548055929300244,-0.11427543277432872,3.463487499999998,28.005625624999993,-22.187360625,1.9126870477824238,-25.25402433471006,-25.43945099590851,8.279780164651008,29.325413441702214,-30.69623027099735
3.833,-8.482000000000001,9.967,-10.495,0.09724974592112402,0.3664318764562095,1.2356407505344253,6.210056011521024,0.31956978604016173,-0.06335545184739416,0.039000000000000146,-7.577,8.3495,-9.629999999999999,-0.2795668395844517,-0.7579528609098375,0.8977886405796232,4.684856411434479,0.28392143606817755,-0.09385508052599507,3.195576999999997,28.315753624999996,-22.557665625000002,-20.93735752001203,5.1790199897123355,-29.251439386623204,7.908799090442529,28.933950856974757,-31.762702633456723
3.874,-11.892000000000001,11.857000000000001,-11.065,0.2902831611916969,0.9434377271655349,1.6436987296506995,6.148969487701223,0.29007372168145756,-0.054628805587422516,0.040999999999999925,-9.499500000000001,9.8945,-10.254999999999999,-0.14268939299679645,-0.16183565489117416,1.0415165044813561,6.219088090400095,0.30024026457432457,-0.07531095722355531,2.845508749999998,28.689755624999997,-22.965308125,7.749150994708352,30.359744661214815,-19.412391354796696,7.638440856673804,29.66249553231876,-32.76031116365583
3.915,-8.892000000000001,9.567,-11.695,0.7463376947378152,0.8792096106921435,1.5312995258222648,6.080378048097845,0.2617993877991494,-0.05777039824101231,0.040999999999999925,-9.769500000000003,10.1895,-11.0825,0.1826399795749466,0.34570609158877685,1.256410168633158,6.171920567364948,0.2961387408321378,-0.0638354173916926,2.4504942499999984,29.101477624999998,-23.402726875,6.068296649190149,30.576898200792918,-20.70791200023025,7.921698533373723,30.91169671098992,-33.58277738243388
3.955,-9.142000000000001,10.167,-13.535,0.47354273265110153,0.8343546489158893,0.3237062163673882,6.046518660609156,0.22916173078685548,-0.07417649320975901,0.040000000000000036,-9.602000000000002,10.3895,-11.697499999999998,0.4018533336254344,0.7558584658074443,1.1835863055936946,6.1214805519823114,0.27515115657690603,-0.062482787221396996,2.063064249999998,29.513057625,-23.858326875,3.868791039476125,30.88249837890972,-21.812847487663166,8.12044028714705,32.14088464258397,-34.43319257219175
3.995,-9.832,13.047,-13.705,0.19324285478081218,0.8879362569521152,-0.28157396822424524,6.051929181290338,0.1942551457469689,-0.08395033702092725,0.040000000000000036,-9.9395,11.159500000000001,-12.5,0.42585161084035644,0.8862345609314208,0.8042826259040268,6.08194884442464,0.24382249650360785,-0.06763150851478027,1.6722342499999974,29.944037625,-24.342276875,1.658373997940826,31.273490753245994,-22.60988217401938,8.23098358789539,33.38400442522708,-35.321647165425404
4.038,-10.112,11.277000000000001,-10.385,-0.42198570654718903,1.0504264103127872,-1.9167729444177326,6.1053362564013645,0.14503686084072878,-0.08185594191853406,0.04300000000000015,-9.4945,11.014500000000002,-12.33,0.247784393905635,0.9129817317182338,-0.0858352926130812,6.071040536599676,0.20756328129342563,-0.07443829259755816,1.254403249999996,30.420778625,-24.876121875000003,0.05850839609715397,31.80952041077253,-23.107784991403943,8.267896559367205,34.740289165253486,-36.30457700948201
4.078,-5.012,13.417,-9.315,-0.5080304386705095,0.8158541588447493,-2.0094499276986317,6.185097803217505,0.10576695267085637,-0.07312929565856241,0.040000000000000036,-8.524500000000002,11.977,-11.735,-0.06580763944644619,0.8971428687563853,-0.9710226559933053,6.097220475379591,0.16855517251135238,-0.07827801695194568,0.8940232499999956,30.880608625,-25.357421875000004,-0.5086760338903638,32.43821451278816,-23.343384473627196,8.258893206611342,36.025243863724704,-37.233600398782634
4.117,-2.292,15.777000000000001,-9.605,0.08852309966115238,1.1364711424361078,-2.1295285802358412,6.264684817108447,0.06544984694978735,-0.07312929565856241,0.0389999999999997,-6.812000000000001,13.3795,-10.752500000000001,-0.1620625476939335,0.97267199213644,-1.5843313551441127,6.151762014504413,0.12762720155208535,-0.07801621756414653,0.5949614999999979,31.375060374999997,-25.795928125,-0.20974836583819956,33.1166557217148,-23.524910626482427,8.244883930816634,37.3035638332975,-38.14753215323476
4.157,1.608,14.517000000000001,-7.665,0.2325127629506846,1.1616038836648261,-1.2383634641675367,0.04258603374866164,0.013089969389957472,-0.08395033702092725,0.040000000000000036,-3.951999999999999,13.747000000000002,-9.2425,-0.1522450706514654,1.0410888988146176,-1.8235287291299356,4.649426227618995,0.0823359074628325,-0.07801621756414653,0.3796814999999978,31.917590374999996,-26.195828125,-29.615821081075644,0.6146361836162875,-28.768446405702562,7.648372541878357,37.978189671404124,-39.193399293878464
4.197,5.918,10.687000000000001,-6.425,0.23809781655706647,0.8235336075535243,-0.7704406917078569,0.07417649320975901,-0.022863813201125717,-0.09267698328089889,0.040000000000000036,0.055500000000000105,13.599500000000003,-8.2525,0.01277581012459849,0.9843656981248019,-1.5369456659524667,3.1416362868210927,0.04036073895236887,-0.08072147790473774,0.30175149999999773,32.464520375,-26.545728125,0.7681932058269894,-30.21906864466722,-29.067672563870154,7.071419984373383,37.386101022183105,-40.35012167326992
4.236,10.258,8.697000000000001,-7.545,0.8030608954276309,0.44706608789834756,-0.8107577974289258,0.10140362954087054,-0.04468042885105484,-0.11676252695842065,0.0389999999999997,3.8729999999999998,12.419500000000003,-7.8100000000000005,0.3405486436491336,0.8921686803882014,-1.2372726333850403,1.6207127434019344,0.002748893571891068,-0.0916297857297023,0.37835724999999715,32.97189087499999,-26.858946874999997,32.98565176903144,0.43479512943902643,-26.841190358909508,7.729619961383118,36.80530768863616,-41.44034450026411
4.277,8.548,6.617000000000001,-6.185,0.3918613236577669,-0.20621065112313006,-0.939388563300908,0.13857914260834978,-0.053407075111026485,-0.13631021458075712,0.04100000000000037,6.583,10.1295,-6.954999999999999,0.4163831996482872,0.556498231998392,-0.9397376291513069,0.08918632477691024,-0.026965336943312393,-0.10742501546025099,0.5927052499999991,33.434145375,-27.161629375,2.834635672977324,35.978296101935115,-23.526039551480814,8.463935853944303,37.55177605887934,-42.47287271342712
4.318,9.728,9.147,-5.385,0.11365584088987073,-0.7189883853590641,-0.5500056071809731,0.1668534764906579,-0.032812189937493394,-0.1473057888683214,0.04099999999999948,8.613,8.787,-6.385,0.38666896913308374,0.08635016474241944,-0.7676481649046659,0.1202531854624093,-0.038440876775175103,-0.12326387842209953,0.9042232499999951,33.82193362499999,-27.435099374999997,3.897062877952841,36.60938565919176,-23.28070604852263,8.60193567423837,39.039823534982425,-43.43241099822718
4.362,7.268,6.747,-4.444999999999999,-0.4425805917207221,-0.9012007592672722,-0.21402972617206464,0.1832595714594046,-0.0054105206811824215,-0.13421581947836395,0.04400000000000048,8.9505,7.8020000000000005,-5.890000000000001,0.2164993670636366,-0.3448334269627797,-0.628545423520718,0.1475239550248207,-0.03407755364518929,-0.1336485874714658,1.2906202499999995,34.186891624999994,-27.705149374999998,5.354113840677849,37.04419063017921,-23.174252243303812,8.805461562048247,40.660202213348605,-44.454420080647374
4.402,6.908,6.696999999999999,-7.135,-0.20818287317788362,-1.5282975595088346,0.11426670612806875,0.18552849948699723,0.04468042885105484,-0.12217304763960307,0.040000000000000036,8.113,7.3020000000000005,-5.7875,-0.03631157508774203,-0.8386743388145752,-0.3972892976314693,0.16855517251135238,-0.011737339219661863,-0.13500121764176137,1.6318902499999997,34.488971625,-27.938699375,7.0661424461541085,37.19130011062848,-23.22929140797347,9.053866687784886,42.14491202816476,-45.38249095367292
4.441,8.367999999999999,8.317,-7.435,0.1452463003509681,-1.4890276513389622,0.3814766146084006,0.17889624832941878,0.10576695267085637,-0.12217304763960307,0.0389999999999997,8.068,7.727,-6.099999999999999,-0.09796533091444173,-1.1593785888685333,-0.0670730031541421,0.17863444894161962,0.02805616772580885,-0.13146692590647288,1.9474197499999972,34.782037124999995,-28.170505624999997,8.883775445573297,37.25174934139796,-23.249637465001673,9.364890086673569,43.596551492479264,-46.28883006669593
4.48,6.548,9.457,-6.125,0.5117654432697772,-1.304720882328361,0.9019337975531097,0.15376350710070044,0.16039575825827887,-0.13316862192716733,0.03900000000000059,7.273,7.8045,-6.284999999999999,0.0015620696805349055,-1.3058117131108575,0.2959118480293786,0.17536195659413026,0.07635815477475191,-0.12793263417118436,2.2465692500000016,35.084901375,-28.412013125,10.476285807708146,37.40900277151009,-23.109604389085884,9.742411281112563,45.05243615868099,-47.19283528285065
4.52,6.038,10.037,-7.385,0.6164851983894372,-1.3319480186594725,1.553116141472194,0.10471975511965978,0.2181661564992912,-0.15166911199830724,0.03999999999999915,6.9655,8.627,-7.02,0.2663285172080747,-1.4134985279589076,0.7376983149404432,0.15572700250919405,0.1322523240698703,-0.13229595730117016,2.5313392499999954,35.41353137499999,-28.678113124999996,11.705186031274584,37.90097199963992,-22.571331301293707,10.186040717892208,46.55863565410396,-48.106453996658225
4.56,4.968,8.027,-8.625,-0.09683086690064541,-1.4279411275191607,1.6773835842141902,0.04258603374866164,0.28256880589788197,-0.14189526818713902,0.040000000000000036,6.4805,8.9595,-7.3925,0.29416651877738426,-1.388409419961489,1.1284775344619735,0.11999138607461016,0.1917244183315771,-0.13722651243805417,2.8002592499999954,35.765261374999994,-28.966363124999997,12.451570870102064,38.548060938720916,-22.023872196099415,10.669175855919741,48.08761631287118,-48.99835806660609
4.599,3.0180000000000002,7.936999999999999,-7.984999999999999,0.04052654523130833,-0.9502445112483128,1.5705694339921372,6.268000942687236,0.3337069529813158,-0.12217304763960307,0.03900000000000059,5.143000000000001,8.8645,-7.529999999999999,0.26798657999746933,-1.2537136349388267,1.4257507393079076,1.6422675596640643,0.24870941840919195,-0.13722651243805417,3.026917499999999,36.112829375,-29.257351875,41.90460280903515,-2.871885820813836,-20.12580058050976,11.729121242662933,48.78330172767038,-49.82027668574998
4.638,-0.052000000000000005,8.697000000000001,-7.895,0.44526839876879337,-0.6764023516104024,1.8880448249299058,6.199234970158659,0.36983526849759846,-0.1090830782496456,0.0389999999999997,3.4930000000000003,8.6745,-7.972499999999999,0.2513623188722234,-1.096634002259337,1.6722784961521067,3.153635425428554,0.3010692959690219,-0.13120512651867375,3.1953194999999974,36.454839875,-29.559650625,5.295032620428277,-32.266439711974854,-33.81978503706264,12.649514133537462,48.098104379781006,-50.87221560529264
4.685,-2.0919999999999996,10.307,-8.815,0.6569768370357055,-0.7975282016988089,2.101847658299211,6.1173790282401255,0.4068362486398782,-0.10262536001726658,0.04699999999999971,1.4605000000000004,8.742,-8.33,0.26148522853379047,-0.9630290480191712,1.809461375358861,4.656800243708671,0.34823681900416864,-0.11894418852341355,3.3117267499999965,36.864127624999995,-29.942759374999998,-24.553123555232865,6.087280470942186,-40.33099823656313,12.196948996569557,47.48289413761674,-52.614759012222834
4.73,-4.442,10.857000000000001,-9.094999999999999,0.39936623944134253,-0.6797184771891916,1.8192788524013292,6.015975398699254,0.4537856055185257,-0.08185594191853406,0.04500000000000082,-0.8919999999999999,9.4495,-8.4475,0.38553450511928744,-0.7759733854366789,1.8449351924056456,6.1501475849463185,0.3910410189093295,-0.10393435695626232,3.3245179999999968,37.273436375,-30.320253125000004,10.032058825125958,40.156709109749706,-24.62672812010819,11.870225040142145,48.52338390318233,-54.07630785524796
4.77,-6.561999999999999,11.867,-10.424999999999999,0.6143908032870439,-0.15821409669328598,1.4024942270250833,5.95261994685186,0.4733332931408622,-0.07312929565856241,0.03999999999999915,-3.287,10.432000000000002,-9.0575,0.5290005696332213,-0.5779657817979222,1.802916390663882,6.071302335987475,0.42594760394921616,-0.09167341896100216,3.2409379999999985,37.671066374999995,-30.670353125,8.343452107714807,40.0893362547537,-26.334680695638895,12.237735258798953,50.128304810472365,-55.09553603156288
4.81,-9.052000000000001,13.207,-11.415,0.7627437897065619,0.6380051080665272,1.2443673967943971,5.894849548610848,0.4635594493296939,-0.0752236907609556,0.040000000000000036,-5.537000000000001,11.559500000000002,-9.937499999999998,0.6083694173676635,-0.2493639168786898,1.6419970336300052,5.995205980600522,0.44937864915724,-0.08320857208882966,3.0644579999999983,38.110896374999996,-31.050253124999998,6.385524338513251,39.89155913765977,-28.175133237576222,12.532314787723514,51.727922718320634,-56.18573231022718
4.85,-10.412,13.767000000000001,-11.565,0.49221775564744086,1.0427469616040121,1.4145369988638443,5.836031952818639,0.43092179231739997,-0.06981317007977318,0.040000000000000036,-7.617000000000001,12.424500000000002,-10.624999999999998,0.5671796470205973,0.21070487394701543,1.4701693687711634,5.924869211745151,0.45540003507662047,-0.07500552460445631,2.801377999999998,38.590576375,-31.461503124999997,4.039187017754756,39.49458466626511,-30.17895347444631,12.740809014848875,53.315645594399136,-57.352814044467635
4.89,-9.552000000000001,11.277000000000001,-11.665,0.08852309966115238,0.9228428419920017,1.185549801002188,5.779308752128824,0.39706240482870997,-0.05235987755982989,0.040000000000000036,-8.8945,12.5295,-11.267499999999998,0.4894688620755497,0.6113452037423137,1.3117371059213783,5.865702550102543,0.4412192349041665,-0.06763150851478027,2.4711479999999977,39.089656375,-31.899353124999998,1.333490596547298,38.99183267571707,-32.086372888887446,12.848262567134915,54.88537394123878,-58.59812057173431
4.931,-8.392000000000001,11.477,-12.355,-0.20818287317788362,0.8900306520545083,0.35215508317489586,5.7519070828725125,0.36320301734002,-0.03717551306747922,0.04100000000000037,-9.352000000000002,12.432000000000002,-11.75,0.28382544295931783,0.8734063909292624,1.0491523199588313,5.815524334107706,0.413686665953956,-0.05864306286700947,2.0970947499999943,39.601367125,-32.371211875,-1.61951014826254,38.3458733436685,-33.875250954150246,12.842399166324753,56.4707969146362,-59.9503338605166
4.971,-7.762,12.007,-12.235,-0.10887363873940628,0.7863580944860452,-0.690679144891716,5.766218782738866,0.33056536032772604,-0.03385938748868999,0.040000000000000036,-9.0295,12.132,-11.954999999999998,0.06592108584782583,0.9104946375341417,0.5653906845373031,5.783366642639711,0.380438143703464,-0.04830198704894307,1.729464749999994,40.092647125000006,-32.845311875,-4.235487249707253,37.76474032416903,-35.28612971102,12.725299218365357,57.99300918799295,-61.333561473820005
5.012,-6.692,12.237,-12.735,0.07874925584998414,0.5071054141669524,-0.9514313351396688,5.799903637302356,0.30543261909900765,-0.046949356878647465,0.04099999999999948,-8.0995,11.749500000000001,-12.247499999999999,-0.03744603910153835,0.7765842506748769,-0.026101398963575217,5.77433456376064,0.34906585039886595,-0.04258603374866164,1.3783202499999985,40.582217875,-33.341463125,-6.043730804404589,37.68359190977603,-36.10941091215166,12.514575248256067,59.539699998788805,-62.79717005659501
5.055,-4.872,13.187000000000001,-12.945,-0.08600982553828057,0.3882484921061386,-1.4881200801279253,5.847900191732201,0.2857103985514718,-0.060039326268604934,0.04300000000000015,-6.9295,12.227,-12.5675,-0.08107927040139658,0.6429356632034111,-0.6945188692461035,5.791482423661484,0.32122784882955635,-0.044505895925855396,1.0551967499999972,41.097712625,-33.874985625,-6.832838201298186,38.380237328018076,-36.30316486261411,12.237729014633457,61.17507232740138,-64.35404043575248
5.095,-4.282,13.077,-12.235,-0.26700046897009255,0.2257583387454665,-1.7837788554157648,5.916666164260777,0.27052603405912107,-0.07208209810736581,0.040000000000000036,-5.902,12.626999999999999,-12.5375,-0.09578366934944882,0.47686758487615066,-1.2285023538937687,5.83267219400855,0.2980586030093316,-0.053232542185827056,0.798566749999997,41.594792625,-34.377085625,-6.530413894573263,39.759035929754354,-35.90433476255489,11.970463972716027,62.73785779255683,-65.79819042825586
5.134,-0.992,12.587,-13.094999999999999,-0.7677354313672656,0.18648843057559408,-1.8033265430381014,5.984384939238157,0.25970499269675623,-0.06771877497737998,0.03900000000000059,-4.2095,12.771999999999998,-12.7525,-0.26049911750641364,0.3269001688985379,-1.5066642034303652,5.887213733133373,0.2803435111015892,-0.061697389057999555,0.601392499999994,42.090073125,-34.87024062500001,-5.41926451979392,41.32446274170213,-35.36650903081163,11.737445243635865,64.31898601665026,-67.18797188222653
5.174,-0.532,11.317,-9.825,-0.9881705158941495,-0.03499385150248631,-2.449098366276003,6.07601472496786,0.24870941840919197,-0.05235987755982989,0.040000000000000036,-2.6695,12.542,-12.024999999999999,-0.5272290604424471,0.1913753524811782,-1.8810809612144483,5.956241505049748,0.2661627109291353,-0.06305001922829516,0.46381249999999385,42.59635312500001,-35.36579062500001,-3.4720416398034697,42.77776164831878,-34.97730125849178,11.559619120443916,66.00103050445068,-68.5948480880126
5.214,2.148,11.727,-9.995,-0.7022855844174783,-0.03167772592369708,-2.1654823628269244,6.170786103351151,0.24766222085799536,-0.04590215932745086,0.040000000000000036,-0.9145,12.177,-11.2875,-0.6812980001622465,0.0863937979737193,-2.0504215318891985,6.036962982954486,0.2566506665057661,-0.05951572749300663,0.3921324999999938,43.09073312500001,-35.83204062500001,-0.6954612517653462,44.02688001666025,-34.67059783368431,11.47626906261254,67.73712333775026,-69.98780606985612
5.254,3.1180000000000003,9.387,-7.3149999999999995,-0.3041759820375718,-0.6219480789481794,-1.6200669715786966,6.243915399009714,0.256388867117967,-0.04258603374866164,0.03999999999999915,0.9355000000000001,11.2545,-10.0575,-0.6905918784291163,-0.12553280644969217,-2.0094935609299314,6.11877529164172,0.25311637477047766,-0.0521417114033306,0.39255249999999375,43.559363125,-36.258940625,2.5527549599182464,44.8952569920749,-34.499019265745865,11.513414936775597,69.51556607792493,-71.37119841184469
5.293,3.9680000000000004,8.407,-8.895,-0.09909979492823805,-1.0375109738480293,-1.0016968175971055,0.009773843811168246,0.29129545215785363,-0.05567600313861911,0.03900000000000059,2.1755,10.209499999999998,-9.0075,-0.5234329693193595,-0.431532657555598,-1.8090861295696823,4.625122517784973,0.261013989635752,-0.04913101844364038,0.45321699999999465,43.977911125000006,-36.630708125000005,-32.91187572922825,-1.0835672946278982,-46.81565088950787,10.921412081774042,70.36989402702515,-72.95683447987216
5.334,3.378,5.827,-7.784999999999999,-0.36840409851096306,-0.7723954604700906,-0.6470459135918578,0.04153883619746504,0.3218387140677544,-0.05131268000863329,0.04099999999999948,3.153,8.837,-8.497499999999999,-0.36849136497356283,-0.615883059797499,-1.358573016398646,3.116503545592374,0.2792963135503926,-0.048869219055841226,0.5624512499999933,44.368364375,-36.989560625,10.726685208833668,-42.5860458349048,-37.529490118171374,10.466615676105958,69.47466695786974,-74.68590987052956
5.378,5.798,6.047000000000001,-8.155,0.04052654523130833,-0.683034602767981,-0.2620262806019087,0.060039326268604934,0.35238197597765514,-0.053407075111026485,0.04400000000000048,4.0655,7.417000000000001,-8.0375,-0.18278833256136612,-0.77872227900857,-0.8827089958423922,1.588816851321738,0.30547625233030756,-0.05074544800173513,0.7212582499999951,44.725952375000006,-37.353330625000005,53.86990880074981,-0.40012199567589035,-22.227801652030266,11.88774074431681,68.52897126559695,-76.00057028947401
5.417,5.2780000000000005,5.367000000000001,-7.465,0.05047492196767601,-0.30010936488042494,0.060859631017042275,0.061086523819801536,0.3665191429188092,-0.05672320068981571,0.0389999999999997,4.6055,6.412,-8.075,-0.0941256065600542,-0.6982626004916315,-0.46247734519345746,0.043109632524259936,0.3330088212805181,-0.05427973973702365,0.8903427499999939,44.995617875,-37.667524375,14.986324323816298,46.730438547877434,-32.18566337814335,13.230437290245838,69.43241243836488,-77.06163285756239
5.457,6.658,5.457000000000001,-6.904999999999999,0.13547245653979986,-0.31319933427038243,0.11321950857687216,0.05672320068981571,0.37734018428117405,-0.060039326268604934,0.040000000000000036,5.2780000000000005,5.6745,-7.577499999999999,-0.03548254369304472,-0.5171846905972197,-0.18374826364996302,0.0548469717439218,0.3545200043113482,-0.0553705705195201,1.088012749999994,45.237347875,-37.980574374999996,16.529076389909868,46.94325201498255,-31.831527897937864,13.860745304520362,71.30588624962208,-78.34197668308401
5.496,7.658,6.237,-6.395,0.05361651462126581,-0.14844025288211773,0.24080307689765765,0.04904375198104066,0.3883357585687383,-0.061086523819801536,0.03900000000000059,6.348000000000001,5.777000000000001,-7.2299999999999995,0.0700226095900125,-0.36119588870022656,0.03821398397241585,0.05672320068981571,0.3711442654365942,-0.05781403147231217,1.3147197499999976,45.460652125,-38.269320625,17.504639477016838,47.2164879766699,-31.577383372898517,14.524402763925444,73.14200117945933,-79.57845045286534
5.535,9.187999999999999,8.727,-5.345,-0.04237659423842232,0.056635934227215995,0.0631285590446349,0.04258603374866164,0.3872885610175417,-0.05777039824101231,0.0389999999999997,7.1955,6.447,-6.5275,0.04929682472257983,-0.17627825445142728,0.11950269388405174,0.05235987755982989,0.37987091169656584,-0.05890486225480862,1.5788179999999956,45.699020125000004,-38.537591875,17.975223719319708,47.49513401770397,-31.577565945890935,15.216260096254,74.9888778083496,-80.80997196458172
5.575,13.398,10.847000000000001,-4.984999999999999,0.16165239531971481,-0.22593287167066597,-0.3896098489226942,0.05131268000863329,0.3893829561199349,-0.06440264939859076,0.040000000000000036,9.2255,7.817,-5.9075,0.07709119306058954,-0.15773413114898754,0.006885323899117626,0.04991641660703782,0.38558686499684725,-0.06082472443200239,1.907237999999996,45.984300125000004,-38.786291874999996,18.478600526991286,47.835703881127706,-31.50962724229456,15.945336581180221,76.89549456632624,-82.07171582834543
5.615,12.808,10.087,-7.675,-0.33245031591987984,-0.2313433923518484,-0.014364059743913334,0.06213372137099813,0.4024729255098924,-0.06440264939859076,0.040000000000000036,10.763,8.974499999999999,-6.1,-0.03988950005433038,-0.13727014566935403,-0.02501056818107874,0.051269046777333425,0.39187005030402683,-0.061915555214498846,2.307007999999996,46.320130125000006,-39.026441874999996,19.22801353579941,48.17383527643375,-31.36088322030953,16.699468862436035,78.81568534947746,-83.32912603759752
5.655,1.128,5.057,-7.845,-0.24954717645014923,0.2268055362966631,0.6280916379151994,0.04363323129985824,0.39706240482870997,-0.04590215932745086,0.040000000000000036,9.1305,8.6795,-6.4624999999999995,-0.11568042282218415,-0.04345869837465882,0.07181157207330668,0.04991641660703783,0.3940517118690197,-0.05811946409141117,2.7048779999999963,46.673210125000004,-39.277691874999995,19.724776213799636,48.39611187306774,-31.57833982779594,17.478524657428018,80.74708429246749,-84.58791049855962
5.694,-6.902,4.867000000000001,-9.084999999999999,1.3910623204245205,0.6816383393663854,1.8105522061413575,6.264684817108447,0.37734018428117405,-0.05899212871740834,0.0389999999999997,5.108,7.7145,-7.397499999999999,0.24267930584355157,0.11279190291013354,0.5086674838474874,1.605441112446984,0.39156461768492784,-0.05842489671051018,2.982528749999994,46.992893125,-39.54796187499999,58.40748117802132,-3.5103927235140038,-18.907989206536154,19.002103676568517,81.62235581588378,-85.57239391472909
5.739,-14.762,10.717,-11.155,0.9001012018385157,0.3641629484286169,3.0006922230762907,6.153332810831208,0.3642502148912166,-0.06440264939859076,0.04499999999999993,-1.9320000000000002,7.682,-8.94,0.4272915074732518,0.26031585793495426,1.3562430018472336,3.1309461451526275,0.38528143237774826,-0.05842489671051018,3.053988749999994,47.339314375,-39.91555562499999,12.638156369379558,-45.07249055899911,-40.64894478365612,20.600630521385035,80.52924094202723,-86.91242492950842
5.781,-10.382000000000001,15.587,-11.215,0.06461208890883008,0.37079519958619533,2.8010265566481394,6.034475888770395,0.35883969421003414,-0.03595378259108319,0.041999999999999815,-7.729500000000001,9.057,-9.825,0.5265571086804293,0.4108505059194652,2.0600906559452468,4.624031687002477,0.3743731245527837,-0.051312680008633295,2.851097249999995,47.690833375,-40.30962062499999,-29.70784192979336,1.4534418684723098,-54.97946428505627,20.242167124616348,79.61324091952618,-88.92062151995137
5.823,-7.762,16.867,-11.475,-0.6391046654952837,0.5311909578444742,1.300043399933016,5.962568323588228,0.3413864016900908,0.0054105206811824215,0.0420000000000007,-9.952000000000002,12.0095,-10.7325,0.4291677364191457,0.48694686130641796,2.228078596449701,6.10376546007457,0.3604541237681289,-0.03848451000647497,2.479785749999989,48.133229875000005,-40.741328124999995,8.614823555097441,49.31795289374681,-38.423135093835334,19.799213738747724,80.6794402095328,-90.88207610690813
5.865,-4.202,14.917,-9.594999999999999,-0.5277526592180454,1.0450158896316049,-0.7289018555103918,5.965709916241818,0.3087487446777969,0.03159045946109736,0.041999999999999815,-9.277,14.522000000000002,-10.86,-0.05053600849149581,0.5777912488727228,1.5932150810367636,6.0290217348579125,0.3433062638672846,-0.01583886296184854,2.075976749999991,48.690391375000004,-41.194770625,4.230162874736278,48.31109325554513,-41.475498900806514,20.068958453774233,82.72965017866792,-92.5599474207956
5.904,-1.942,12.057,-9.975,0.4953593483010306,1.3951289375816673,-1.4390763281468846,6.018069793801648,0.2617993877991494,0.012042771838760872,0.0389999999999997,-6.072000000000001,14.857000000000001,-10.565,-0.1517214718758671,0.8355327461609854,0.48327294323096975,5.995205980600522,0.3176935570942678,0.003272492347489366,1.776671249999993,49.263281875,-41.61255812499999,1.325671199924967,47.59702969534131,-43.52468099346932,20.177297218230127,84.5998585762102,-94.21745092873397
5.943,-1.842,9.787,-10.535,0.8096931465852094,1.6220217403409303,-1.1488280735402276,6.062924755577902,0.19966566642815128,-0.02844886680750757,0.0389999999999997,-3.937,13.407,-10.395,0.03454879254322776,1.1483393813496692,-0.504190714316122,6.002318197302399,0.2779000501487971,0.005148721293383273,1.5814957499999944,49.814429874999995,-42.02127812499999,-0.28903059156950484,48.07479515446179,-44.02836472106176,20.197511710093057,86.46545916078134,-95.92473532016731
5.985,0.027999999999999997,9.247,-9.715,0.4583583681587508,1.391812812002878,-0.5882283177996488,6.094515215038999,0.1265363707695889,-0.05899212871740834,0.0420000000000007,-1.9895000000000003,11.502,-9.955,0.30891455095673637,1.36349484488927,-0.9762586437492882,6.035304920165092,0.22418754241867164,-0.010951941056264418,1.4570392499999922,50.337518875,-42.44862812499999,-1.227134991995289,49.63335322674749,-43.277005288512015,20.165672232838194,88.51733027678677,-97.7581480903684
6.027,0.668,8.397,-9.635,0.648250190775734,0.939074404035549,0.01181587903600161,6.097831340617788,0.08290313946973066,-0.08185594191853406,0.041999999999999815,-0.7719999999999999,9.872,-9.965,0.6029152634551812,1.3370094734902562,-0.7910792101126898,6.068335276259084,0.16772614111665507,-0.03931354140117227,1.3990477499999925,50.786372875,-42.86694812499999,-2.1718110143647893,51.60167030947552,-41.84900362191233,20.094294366704634,90.64326577104744,-99.5457942774873
6.071,1.948,7.807,-10.165,0.6198013239682263,0.460156057288305,0.22230258682651777,6.090151891909014,0.060039326268604934,-0.1069886831472524,0.043999999999999595,0.2005,8.8095,-10.0125,0.6340257573719801,1.1032662534169155,-0.37573448136933923,6.086355800785926,0.11728612573401895,-0.0690714051476756,1.3864747499999925,51.197365874999996,-43.30645312499999,-3.52545324152908,53.397799613358764,-40.43250725508123,19.96895455307497,92.95325410934977,-101.35598751678114
6.111,2.1180000000000003,7.356999999999999,-9.875,0.5520825489908463,0.3597996252986311,0.23329816111408205,6.079156317621449,0.04590215932745086,-0.1275835683207855,0.040000000000000036,1.1905000000000001,8.202,-9.8475,0.5696231079733893,0.7877107246563408,-0.030202922705761852,6.0904136912968125,0.07884524895884383,-0.09385508052599507,1.4142947499999925,51.537595874999994,-43.70365312499999,-5.0168519784507115,54.775802306151384,-39.27564121219093,19.79810844867537,95.11672614773998,-102.95015048612659
6.152,2.7680000000000002,9.097000000000001,-10.495,0.44631559631998996,0.14390239682693245,0.2551147767640112,6.068335276259084,0.03822271061867582,-0.14835298641951802,0.04100000000000037,1.8755000000000002,8.1645,-10.042499999999999,0.5666124150136991,0.47573312086235436,0.18063285093515316,6.083868706601834,0.05676683392111557,-0.1161952949515225,1.477147749999993,51.873109125,-44.111398124999994,-6.306014918562723,55.95758212404667,-38.311878562518686,19.565989677286595,97.38676052855907,-104.54069464150815
6.191,2.5180000000000002,8.967,-10.695,0.024120450262561637,0.19416787928436915,0.19175932491661699,6.058561432447916,0.03385938748868999,-0.15498523757709648,0.0389999999999997,2.3380000000000005,8.307,-10.3075,0.410579979885406,0.2895064896745594,0.22561871240530698,6.074051229559366,0.0445058959258554,-0.1344776188661631,1.5593109999999923,52.194303375,-44.508223124999994,-7.321432303196209,56.93385362387088,-37.584459845877795,19.300254456462298,99.58814352564345,-106.02067324047188
6.231,2.778,7.856999999999999,-10.344999999999999,0.05483824509766183,0.279165413856493,0.13171999864801204,6.052976378841534,0.025132741228718343,-0.15498523757709648,0.040000000000000036,2.5455000000000005,8.3195,-10.3525,0.26933921016776496,0.24425882881660643,0.20297306536068055,6.064757351292497,0.03577924966588375,-0.14647675747362413,1.6569809999999925,52.526833374999995,-44.921423125,-8.151541275752379,57.6880786861839,-37.22077401587747,18.990794984883326,101.88058217184454,-107.51677791770699
6.27,2.128,7.8469999999999995,-9.895,0.1071981226574917,0.1493129175081149,0.2954318824850802,6.043202535030366,0.018500490071139894,-0.15812683023068627,0.0389999999999997,2.548,8.442,-10.357499999999998,0.1581181035844263,0.1916371518689774,0.21850649570343006,6.055768905644726,0.028928832351806013,-0.1541125729510993,1.7563042499999917,52.85368262499999,-45.325268124999994,-8.890077424069649,58.273790926874256,-37.09593126814488,18.6584834202368,104.14183862929916,-108.9659536707454
6.319,2.9280000000000004,7.526999999999999,-10.225,0.18783233409962977,0.12871803233458182,0.42510984590825884,6.02365484740803,0.0153588974175501,-0.16580627893946132,0.04900000000000038,2.588,8.0495,-10.29,0.09349728802933624,0.18784106074588972,0.261005262989492,6.044598798431961,0.023212879051524582,-0.15847589608108514,1.8821362499999927,53.257724374999995,-45.831131875,-9.690870565830352,58.81007471295287,-37.254294132943905,18.203250194484244,107.01039333747495,-110.78753419307209
6.359,-0.002,-0.34299999999999997,-0.065,0.2304183678482914,0.1690351380556508,0.10780898789568974,5.9733893649505925,0.32934362985133,-1.639562299323473,0.040000000000000036,1.9580000000000004,5.7219999999999995,-7.632499999999999,0.14507176742576866,0.1815578754387101,0.2400176787342602,6.02330578155763,0.09708393964218458,-0.5296201615176793,1.9730562499999929,53.533154374999995,-46.189581874999995,-7.316273942592258,68.89089802453955,-14.271837550224983,17.863107304315793,109.5644127922248,-111.81805682673547
6.397,0.068,-0.893,0.135,0.11906636157105314,0.3446152608062804,-0.23584634182199374,5.963615521139425,0.32288591161895097,-1.6416566944258664,0.038000000000000256,1.2805000000000002,3.5344999999999995,-5.012499999999999,0.1611287965441165,0.19792033717615698,0.14812609361675877,6.000965567132103,0.17152223223974272,-0.9012880257298718,2.0345877499999934,53.709027875,-46.429836875,-4.887668757975815,69.9778306196896,11.123978186935993,17.631232393005,112.20291863646517,-111.87786615463796
6.46,-0.092,-0.45299999999999996,0.055,0.1408829772209823,0.07740535232594853,0.027000243528352282,5.955936072430649,0.31852258848896514,-1.6427038919770631,0.06299999999999972,0.7255000000000001,1.4594999999999998,-2.525,0.16955001018498914,0.1799434458806154,0.08101818387757678,5.979148951482174,0.24652775684419903,-1.272432291166466,2.0977767499999933,53.866338875,-46.667268125,-2.308966384438863,61.84424550807478,35.40868561684155,17.404538386018938,116.35531403448974,-110.41208724481898
6.502,-0.362,0.08700000000000001,0.045,-0.0062482787221397,0.0545415391248228,0.03258529713473413,5.950525551749467,0.3218387140677544,-1.6449728200046556,0.041999999999999815,-0.097,-0.4005,0.042499999999999996,0.1210298569795468,0.16139932257817566,-0.017112953315804397,5.960866627567534,0.3231477110067501,-1.6422239264327645,2.1109752499999934,53.888577874999996,-46.719400625,0.5479460869553971,45.26537016050735,55.15327239587279,17.367556959771786,118.60461596352995,-108.51028612655199
6.545,-0.672,0.127,0.225,0.06897541203881591,-0.0873537290623162,-0.007906341511534314,5.951572749300664,0.3206169835913584,-1.6460200175558521,0.04300000000000015,-0.2645,-0.28300000000000003,0.11499999999999999,0.08066911802717792,0.09730210579868388,-0.04604178566761041,5.955412473655051,0.3209660494417572,-1.6438383559908591,2.1032029999999935,53.87388262499999,-46.716014375,0.16950326866602872,45.27101222037257,55.13357790150647,17.382982120917646,120.55114818471888,-106.13911884515832
